Number,Total_Total,Total_ModeofTransport_CombinationsofRail_MRT_LRT_orPublicBus,Total_ModeofTransport_CarorTaxi_PrivateHireCarOnly,Total_ModeofTransport_OtherModes,Total_ModeofTransport_NoTransportRequired,CentralRegion_Total,CentralRegion_ModeofTransport_CombinationsofRail_MRT_LRT_orPubl,CentralRegion_ModeofTransport_CarorTaxi_PrivateHireCarOnly,CentralRegion_ModeofTransport_OtherModes,CentralRegion_ModeofTransport_NoTransportRequired,EastRegion_Total,EastRegion_ModeofTransport_CombinationsofRail_MRT_LRT_orPublicB,EastRegion_ModeofTransport_CarorTaxi_PrivateHireCarOnly,EastRegion_ModeofTransport_OtherModes,EastRegion_ModeofTransport_NoTransportRequired,NorthRegion_Total,NorthRegion_ModeofTransport_CombinationsofRail_MRT_LRT_orPublic,NorthRegion_ModeofTransport_CarorTaxi_PrivateHireCarOnly,NorthRegion_ModeofTransport_OtherModes,NorthRegion_ModeofTransport_NoTransportRequired,North_EastRegion_Total,North_EastRegion_ModeofTransport_CombinationsofRail_MRT_LRT_orP,North_EastRegion_ModeofTransport_CarorTaxi_PrivateHireCarOnly,North_EastRegion_ModeofTransport_OtherModes,North_EastRegion_ModeofTransport_NoTransportRequired,WestRegion_Total,WestRegion_ModeofTransport_CombinationsofRail_MRT_LRT_orPublicB,WestRegion_ModeofTransport_CarorTaxi_PrivateHireCarOnly,WestRegion_ModeofTransport_OtherModes,WestRegion_ModeofTransport_NoTransportRequired
Total,2177456,1257434,526477,180639,212907,472830,265695,131794,22845,52495,369922,208662,94918,30725,35616,317372,191635,57932,35983,31822,507892,296950,126080,37099,47764,509440,294491,115753,53985,45210
Ang Mo Kio,47633,27503,13369,3481,3281,7393,4385,2594,303,112,4438,2249,1767,358,64,10377,7090,2137,1103,47,19195,9977,4906,1368,2944,6230,3801,1965,349,114
Bedok,59224,32322,16720,6045,4137,9637,5774,3032,698,132,26406,12988,6797,2743,3878,4541,2817,1145,547,33,13660,7880,4349,1371,60,4981,2863,1397,685,35
Bishan,28514,16237,8068,2189,2020,7252,3553,1974,443,1282,2873,1381,1215,216,60,4626,3044,981,475,125,9187,5626,2578,645,337,4578,2633,1319,410,216
Boon Lay,19238,9770,5874,3497,98,2252,975,1041,231,6,1018,367,486,165,-,2423,1334,527,561,-,1695,701,612,369,13,11850,6392,3209,2171,79
Bukit Batok,33475,16631,11115,2924,2805,4954,2456,2160,245,93,2165,1000,894,201,71,4060,2326,1217,467,50,3860,1778,1701,346,35,18437,9072,5143,1666,2556
Bukit Merah,102606,65661,27440,5467,4038,32285,18016,9052,1404,3813,13763,8687,4292,748,36,10331,7187,2214,858,73,21322,14823,5706,768,25,24905,16949,6176,1689,91
Bukit Panjang,8881,4824,1636,504,1917,626,398,213,7,9,226,110,116,-,-,1050,725,237,65,23,422,316,106,-,-,6556,3276,964,432,1885
Bukit Timah,20951,12559,6422,1135,835,5287,2750,1788,172,577,1546,809,609,64,64,2094,1343,449,252,50,3471,2150,1153,151,18,8552,5507,2423,496,126
Changi,63053,34752,18740,9387,174,9153,4896,3516,713,27,25746,15389,6365,3906,86,6757,3690,1704,1347,17,15970,8367,4954,2637,12,5427,2411,2201,783,32
Choa Chu Kang,12888,7258,2088,904,2637,848,486,332,29,-,414,234,140,-,40,2107,1717,265,124,-,901,479,296,112,14,8619,4343,1055,639,2583
Clementi,38244,21042,11727,3881,1594,6463,3470,2291,632,71,2566,1143,1172,251,-,4535,3004,981,535,16,4326,2089,1738,490,9,20354,11337,5545,1973,1499
Downtown Core,280589,215346,56608,6385,2249,90786,63969,23320,1492,2005,50621,37820,11217,1500,84,27436,23827,2788,770,51,64987,51430,11997,1478,83,46758,38300,7287,1145,26
Geylang,115101,66951,34270,10057,3823,29056,14827,8497,2339,3393,27112,16391,8026,2586,110,12455,7614,3246,1545,50,32371,19847,10196,2150,178,14107,8272,4304,1437,93
Hougang,43240,24258,11120,4270,3591,6258,3821,1905,470,62,6068,3483,1851,667,67,4338,2897,930,487,25,22834,11947,5282,2167,3438,3741,2111,1151,479,-
Jurong East,61478,37934,15928,5784,1832,9237,5306,3267,588,76,4151,2062,1712,377,-,7940,5557,1593,765,25,7348,4205,2571,524,49,32802,20805,6785,3530,1682
Jurong West,44909,24577,11342,4718,4272,4657,2395,1996,239,26,1928,927,784,133,84,4757,2985,1269,423,80,3657,1960,1384,313,-,29910,16310,5909,3610,4081
Kallang,62510,40248,15672,3559,3032,18440,9868,4643,1034,2895,10524,7085,2859,536,44,7470,5531,1412,504,23,16714,11428,4480,756,50,9362,6336,2278,729,19
Marine Parade,12621,7930,3095,879,718,3915,2136,844,257,678,4347,2758,1220,346,24,755,631,92,33,-,2544,1726,648,154,16,1060,679,292,89,-
Museum,12329,9463,2422,315,128,3645,2581,916,56,91,1850,1445,322,83,-,1421,1147,233,41,-,3417,2657,673,87,-,1996,1633,278,47,37
Newton,13496,9553,3375,450,118,3950,2422,1296,133,99,2392,1659,656,77,-,1768,1529,160,78,-,2843,2076,662,85,19,2543,1866,600,76,-
Novena,42172,29131,10206,1701,1133,12705,7551,3684,424,1045,5182,3196,1672,295,19,6934,5726,923,266,20,11052,8164,2460,378,50,6299,4495,1467,336,-
Orchard,43874,33591,8756,1066,460,13189,9052,3443,276,418,6336,4833,1278,225,-,6196,5495,564,117,20,10399,8094,2070,223,13,7753,6117,1403,225,8
Outram,37784,27827,7536,1151,1270,12859,8344,2968,377,1169,5686,4057,1349,280,-,3405,2848,451,90,17,8634,6808,1624,163,39,7200,5770,1145,240,45
Pasir Ris,23628,12507,5948,3608,1566,2439,1303,849,260,27,11839,6148,2229,1985,1477,2073,998,548,527,-,5698,3305,1745,614,34,1580,753,578,222,28
Paya Lebar,13212,7296,4156,1678,83,1765,951,691,115,9,3939,2311,1034,556,38,1774,944,562,261,8,4126,2287,1273,550,16,1608,804,596,197,12
Pioneer,36579,17198,11011,8247,123,3925,1638,1657,604,26,2694,1079,1062,553,-,4914,2576,1374,964,-,4182,1512,1929,741,-,20865,10394,4990,5385,96
Punggol,9186,5316,1454,767,1650,499,286,169,33,10,1053,674,336,43,-,732,458,208,50,17,6651,3750,711,568,1623,250,147,30,72,-
Queenstown,129905,86318,34104,7220,2263,35551,21783,10658,1133,1977,15664,9196,5462,996,11,13900,9648,2995,1216,40,25114,17900,5999,1178,36,39677,27790,8989,2698,200
Rochor,31152,21147,7686,1316,1003,10177,6334,2472,471,900,5210,3108,1840,242,20,3563,2818,595,125,24,7096,5050,1763,249,34,5107,3837,1017,228,25
Seletar,5265,2777,1594,894,-,681,251,324,107,-,1225,666,383,176,-,1101,607,275,219,-,1636,880,501,254,-,622,374,110,138,-
Sembawang,39772,21088,10522,6028,2134,3307,1699,1239,338,31,2593,1129,1218,228,18,20458,11133,3588,3783,1953,6083,2895,2393,725,70,7331,4232,2083,954,62
Sengkang,17301,9825,2771,1703,3003,1346,882,366,82,16,1738,1145,416,177,-,1580,1058,314,184,24,12108,6489,1501,1155,2963,529,250,173,105,-
Serangoon,38008,21788,10814,3175,2232,5611,3331,1970,283,26,3837,2229,1377,213,18,6120,3711,1524,885,-,18824,10361,4868,1445,2149,3617,2156,1074,349,38
Singapore River,17889,13184,3939,556,210,5608,3723,1556,182,146,2765,1962,744,37,22,1911,1646,158,91,16,4033,3164,768,100,-,3573,2690,712,146,25
Southern Islands,7884,6275,973,599,37,1920,1522,269,104,24,935,707,163,65,-,1296,1141,55,100,-,1862,1492,252,118,-,1871,1413,234,212,13
Sungei Kadut,20577,9974,7002,3402,199,2310,1073,950,287,-,1140,390,593,157,-,6686,3825,1521,1264,77,3266,1177,1534,523,32,7174,3508,2405,1171,90
Tampines,83159,49398,21225,7399,5137,11726,7224,3907,525,70,38829,22998,7737,3285,4808,6109,3847,1460,738,65,20070,11715,5962,2250,143,6426,3613,2160,601,52
Tanglin,11517,7884,3000,511,122,3600,2185,1233,98,83,1545,1092,373,69,10,1382,1150,144,89,-,2211,1593,534,70,13,2779,1864,716,184,15
Toa Payoh,53392,31864,15295,3492,2741,16081,8046,4521,967,2548,7553,4663,2421,468,-,7028,5116,1391,479,42,15563,9796,4705,976,86,7167,4243,2257,602,65
Tuas,41999,17858,12593,11398,150,4462,1897,1847,718,-,2736,878,1165,652,41,6487,3051,1586,1850,-,4663,1732,1855,1060,17,23651,10301,6140,7119,92
Western Islands,13125,5297,4187,3629,12,1754,688,702,364,-,1279,465,401,414,-,1630,691,549,390,-,1450,429,590,431,-,7012,3025,1946,2029,12
Western Water Catchment,27900,17255,7681,2594,370,4280,2524,1498,258,-,3177,1974,1004,177,22,4552,2903,1057,577,16,4156,2477,1271,408,-,11735,7378,2852,1174,331
Woodlands,43383,22630,10715,4958,5080,3608,1848,1528,180,53,2209,1152,710,326,22,23060,11492,3835,2864,4869,5782,3186,1922,634,40,8724,4953,2721,955,96
Yishun,41337,21799,9917,4272,5349,4081,2555,1336,178,13,2593,1400,1022,161,11,22042,10508,3236,3027,5271,7709,4539,2689,452,30,4911,2798,1633,455,25
Other Planning Areas or Outside Singapore,22721,12599,6905,2859,358,4801,2364,2023,310,105,3771,2211,1129,353,78,3992,2163,954,801,75,4789,2885,1338,557,9,5368,2976,1462,839,91
No Fixed Location for Work,174780,60789,29454,20588,63950,30759,12158,5258,2686,10656,31701,11016,5299,3633,11752,29226,10090,4484,4048,10604,42583,13810,7831,5304,15638,40511,13715,6581,4916,15299
Works from Home,68974,-,-,-,68974,17695,-,-,-,17695,12537,-,-,-,12537,7978,-,-,-,7978,17429,-,-,-,17429,13335,-,-,-,13335
